{
  "gb": {
    "original": {
      "Enlarged Cardiomediastinum": 0.638881, 
      "Cardiomegaly": 0.808489, 
      "Lung Opacity": 0.891704, 
      "Lung Lesion": 0.099502,
      "Edema": 0.874702, 
      "Consolidation": 0.910662,
      "Pneumonia": 0.63982, 
      "Atelectasis": 0.802205,
      "Pneumothorax": 0.650549,
      "Pleural Effusion": 0.878397,
      "Pleural Other": 0.940299,
      "Fracture": NaN,
      "No Finding": 0.888112,
      "Support Devices": 0.656271 
    },
    "gb": {
      "Enlarged Cardiomediastinum": 0.663623,
      "Cardiomegaly": 0.799242,
      "Lung Opacity": 0.892609,
      "Lung Lesion": 0.233831,
      "Edema": 0.887054,
      "Consolidation": 0.900184,
      "Pneumonia": 0.706186,
      "Atelectasis": 0.767244,
      "Pneumothorax": 0.789744,
      "Pleural Effusion": 0.899457,
      "Pleural Other": 0.9801,
      "Fracture": NaN,
      "No Finding": 0.905813,
      "Support Devices": 0.813965
    },
    "ps": {
      "Enlarged Cardiomediastinum": 0.598429,
      "Cardiomegaly": 0.540218,
      "Lung Opacity": 0.447461,
      "Lung Lesion": 0.40796,
      "Edema": 0.599554,
      "Consolidation": 0.634007,
      "Pneumonia": 0.411082,
      "Atelectasis": 0.621837,
      "Pneumothorax": 0.501832,
      "Pleural Effusion": 0.517663,
      "Pleural Other": 0.40796,
      "Fracture": NaN,
      "No Finding": 0.656469,
      "Support Devices": 0.581838
    },
    "ce": {
      "Enlarged Cardiomediastinum": 0.71242,
      "Cardiomegaly": 0.705102,
      "Lung Opacity": 0.461237,
      "Lung Lesion": 0.373134,
      "Edema": 0.58125,
      "Consolidation": 0.66489,
      "Pneumonia": 0.382732,
      "Atelectasis": 0.673491,
      "Pneumothorax": 0.708425,
      "Pleural Effusion": 0.665421,
      "Pleural Other": 0.756219,
      "Fracture": NaN,
      "No Finding": 0.734047,
      "Support Devices": 0.568304
    },
    "pr": {
      "Enlarged Cardiomediastinum": 0.524006,
      "Cardiomegaly": 0.418115,
      "Lung Opacity": 0.37275,
      "Lung Lesion": 0.532338,
      "Edema": 0.625298,
      "Consolidation": 0.602574,
      "Pneumonia": 0.550902,
      "Atelectasis": 0.568609,
      "Pneumothorax": 0.645421,
      "Pleural Effusion": 0.494452,
      "Pleural Other": 0.860697,
      "Fracture": NaN,
      "No Finding": 0.478365,
      "Support Devices": 0.510248
    }
  },
  "ps": {
    "original": {
      "Enlarged Cardiomediastinum": 0.686892,
      "Cardiomegaly": 0.789327,
      "Lung Opacity": 0.886174,
      "Lung Lesion": 0.870647,
      "Edema": 0.918601,
      "Consolidation": 0.854228,
      "Pneumonia": 0.765464,
      "Atelectasis": 0.816168,
      "Pneumothorax": 0.770696,
      "Pleural Effusion": 0.890965,
      "Pleural Other": 0.975124,
      "Fracture": NaN,
      "No Finding": 0.913899,
      "Support Devices": 0.905364
    },
    "gb": {
      "Enlarged Cardiomediastinum": 0.792047,
      "Cardiomegaly": 0.773841,
      "Lung Opacity": 0.794168,
      "Lung Lesion": 0.621891,
      "Edema": 0.789881,
      "Consolidation": 0.705147,
      "Pneumonia": 0.630799,
      "Atelectasis": 0.752441,
      "Pneumothorax": 0.681319,
      "Pleural Effusion": 0.835371,
      "Pleural Other": 0.925373,
      "Fracture": NaN,
      "No Finding": 0.889642,
      "Support Devices": 0.578013
    },
    "ps": {
      "Enlarged Cardiomediastinum": 0.632695,
      "Cardiomegaly": 0.774621,
      "Lung Opacity": 0.872599,
      "Lung Lesion": 0.766169,
      "Edema": 0.90997,
      "Consolidation": 0.862132,
      "Pneumonia": 0.704897,
      "Atelectasis": 0.768084,
      "Pneumothorax": 0.769231,
      "Pleural Effusion": 0.872962,
      "Pleural Other": 0.9801,
      "Fracture": NaN,
      "No Finding": 0.881556,
      "Support Devices": 0.854075
    },
    "ce": {
      "Enlarged Cardiomediastinum": 0.735002,
      "Cardiomegaly": 0.602161,
      "Lung Opacity": 0.555354,
      "Lung Lesion": 0.726368,
      "Edema": 0.59003,
      "Consolidation": 0.317647,
      "Pneumonia": 0.479381,
      "Atelectasis": 0.553911,
      "Pneumothorax": 0.553114,
      "Pleural Effusion": 0.436481,
      "Pleural Other": 0.741294,
      "Fracture": NaN,
      "No Finding": 0.746722,
      "Support Devices": 0.538884
    },
    "pr": {
      "Enlarged Cardiomediastinum": 0.39352,
      "Cardiomegaly": 0.59414,
      "Lung Opacity": 0.750729,
      "Lung Lesion": 0.074627,
      "Edema": 0.716667,
      "Consolidation": 0.737316,
      "Pneumonia": 0.648196,
      "Atelectasis": 0.712336,
      "Pneumothorax": 0.735531,
      "Pleural Effusion": 0.753963,
      "Pleural Other": 0.746269,
      "Fracture": NaN,
      "No Finding": 0.699082,
      "Support Devices": 0.707757
    }
  },
  "ce": {
    "original": {
      "Enlarged Cardiomediastinum": 0.281492,
      "Cardiomegaly": 0.682152,
      "Lung Opacity": 0.658019,
      "Lung Lesion": 0.477612,
      "Edema": 0.605804,
      "Consolidation": 0.727022,
      "Pneumonia": 0.429768,
      "Atelectasis": 0.621102,
      "Pneumothorax": 0.695238,
      "Pleural Effusion": 0.630548,
      "Pleural Other": 0.820896,
      "Fracture": NaN,
      "No Finding": 0.78125,
      "Support Devices": 0.614691
    },
    "gb": {
      "Enlarged Cardiomediastinum": 0.21944,
      "Cardiomegaly": 0.723596,
      "Lung Opacity": 0.587632,
      "Lung Lesion": 0.472637,
      "Edema": 0.647619,
      "Consolidation": 0.654412,
      "Pneumonia": 0.447165,
      "Atelectasis": 0.436955,
      "Pneumothorax": 0.665934,
      "Pleural Effusion": 0.614244,
      "Pleural Other": 0.58209,
      "Fracture": NaN,
      "No Finding": 0.714598,
      "Support Devices": 0.601549
    },
    "ps": {
      "Enlarged Cardiomediastinum": 0.369858,
      "Cardiomegaly": 0.58066,
      "Lung Opacity": 0.576068,
      "Lung Lesion": 0.930348,
      "Edema": 0.522321,
      "Consolidation": 0.550735,
      "Pneumonia": 0.420103,
      "Atelectasis": 0.555276,
      "Pneumothorax": 0.758242,
      "Pleural Effusion": 0.538157,
      "Pleural Other": 0.597015,
      "Fracture": NaN,
      "No Finding": 0.624563,
      "Support Devices": 0.606943
    },
    "ce": {
      "Enlarged Cardiomediastinum": 0.551792,
      "Cardiomegaly": 0.764706,
      "Lung Opacity": 0.843942,
      "Lung Lesion": 0.711443,
      "Edema": 0.849256,
      "Consolidation": 0.82886,
      "Pneumonia": 0.47616,
      "Atelectasis": 0.728399,
      "Pneumothorax": 0.682051,
      "Pleural Effusion": 0.879189,
      "Pleural Other": 0.935323,
      "Fracture": NaN,
      "No Finding": 0.91215,
      "Support Devices": 0.734628
    },
    "pr": {
      "Enlarged Cardiomediastinum": 0.238684,
      "Cardiomegaly": 0.672237,
      "Lung Opacity": 0.510005,
      "Lung Lesion": 0.273632,
      "Edema": 0.647917,
      "Consolidation": 0.385846,
      "Pneumonia": 0.523196,
      "Atelectasis": 0.44147,
      "Pneumothorax": 0.619048,
      "Pleural Effusion": 0.572011,
      "Pleural Other": 0.462687,
      "Fracture": NaN,
      "No Finding": 0.666958,
      "Support Devices": 0.597333
    }
  },
  "pr": {
    "original": {
      "Enlarged Cardiomediastinum": 0.474129,
      "Cardiomegaly": 0.826426,
      "Lung Opacity": 0.893715,
      "Lung Lesion": 0.149254,
      "Edema": 0.922173,
      "Consolidation": 0.891912,
      "Pneumonia": 0.74549,
      "Atelectasis": 0.784462,
      "Pneumothorax": 0.712088,
      "Pleural Effusion": 0.876132,
      "Pleural Other": 0.860697,
      "Fracture": NaN,
      "No Finding": 0.887675,
      "Support Devices": 0.831225
    },
    "gb": {
      "Enlarged Cardiomediastinum": 0.4757,
      "Cardiomegaly": 0.832331,
      "Lung Opacity": 0.856611,
      "Lung Lesion": 0.218905,
      "Edema": 0.850893,
      "Consolidation": 0.858456,
      "Pneumonia": 0.815077,
      "Atelectasis": 0.779423,
      "Pneumothorax": 0.634432,
      "Pleural Effusion": 0.779552,
      "Pleural Other": 0.855721,
      "Fracture": NaN,
      "No Finding": 0.8691,
      "Support Devices": 0.611062
    },