{
  "gb": {
    "original": {
      "Enlarged Cardiomediastinum": 0.674521,
      "Cardiomegaly": 0.778075,
      "Lung Opacity": 0.902765,
      "Lung Lesion": 0.393035,
      "Edema": 0.897173,
      "Consolidation": 0.826654,
      "Pneumonia": 0.699098,
      "Atelectasis": 0.727664,
      "Pneumothorax": 0.742125,
      "Pleural Effusion": 0.90625,
      "Pleural Other": 0.945274,
      "Fracture": NaN,
      "No Finding": 0.915865,
      "Support Devices": 0.85074
    },
    "gb": {
      "Enlarged Cardiomediastinum": 0.676583,
      "Cardiomegaly": 0.783757,
      "Lung Opacity": 0.887381,
      "Lung Lesion": 0.174129,
      "Edema": 0.896131,
      "Consolidation": 0.836949,
      "Pneumonia": 0.664948,
      "Atelectasis": 0.743727,
      "Pneumothorax": 0.621245,
      "Pleural Effusion": 0.897192,
      "Pleural Other": 0.905473,
      "Fracture": NaN,
      "No Finding": 0.918269,
      "Support Devices": 0.793371
    },
    "ps": {
      "Enlarged Cardiomediastinum": 0.610702,
      "Cardiomegaly": 0.437946,
      "Lung Opacity": 0.448064,
      "Lung Lesion": 0.661692,
      "Edema": 0.614435,
      "Consolidation": 0.500368,
      "Pneumonia": 0.417526,
      "Atelectasis": 0.471391,
      "Pneumothorax": 0.702564,
      "Pleural Effusion": 0.568274,
      "Pleural Other": 1.0,
      "Fracture": NaN,
      "No Finding": 0.607736,
      "Support Devices": 0.609689
    },
    "ce": {
      "Enlarged Cardiomediastinum": 0.614433,
      "Cardiomegaly": 0.582553,
      "Lung Opacity": 0.45631,
      "Lung Lesion": 0.19403,
      "Edema": 0.627976,
      "Consolidation": 0.431801,
      "Pneumonia": 0.387242,
      "Atelectasis": 0.643675,
      "Pneumothorax": 0.728205,
      "Pleural Effusion": 0.543478,
      "Pleural Other": 0.711443,
      "Fracture": NaN,
      "No Finding": 0.425918,
      "Support Devices": 0.451505
    },
    "pr": {
      "Enlarged Cardiomediastinum": 0.498478,
      "Cardiomegaly": 0.522282,
      "Lung Opacity": 0.510005,
      "Lung Lesion": 0.024876,
      "Edema": 0.59375,
      "Consolidation": 0.491728,
      "Pneumonia": 0.402706,
      "Atelectasis": 0.500997,
      "Pneumothorax": 0.757509,
      "Pleural Effusion": 0.555593,
      "Pleural Other": 0.427861,
      "Fracture": NaN,
      "No Finding": 0.47465,
      "Support Devices": 0.644896
    }
  },
  "ps": {
    "original": {
      "Enlarged Cardiomediastinum": 0.666078,
      "Cardiomegaly": 0.80225,
      "Lung Opacity": 0.883057,
      "Lung Lesion": 0.363184,
      "Edema": 0.899851,
      "Consolidation": 0.846324,
      "Pneumonia": 0.579897,
      "Atelectasis": 0.748346,
      "Pneumothorax": 0.776557,
      "Pleural Effusion": 0.905118,
      "Pleural Other": 0.99005,
      "Fracture": NaN,
      "No Finding": 0.913243,
      "Support Devices": 0.850348
    },
    "gb": {
      "Enlarged Cardiomediastinum": 0.708689,
      "Cardiomegaly": 0.795566,
      "Lung Opacity": 0.775365,
      "Lung Lesion": 0.164179,
      "Edema": 0.843155,
      "Consolidation": 0.705331,
      "Pneumonia": 0.526418,
      "Atelectasis": 0.747822,
      "Pneumothorax": 0.533333,
      "Pleural Effusion": 0.820992,
      "Pleural Other": 0.985075,
      "Fracture": NaN,
      "No Finding": 0.869537,
      "Support Devices": 0.682554
    },
    "ps": {
      "Enlarged Cardiomediastinum": 0.693962,
      "Cardiomegaly": 0.703097,
      "Lung Opacity": 0.789241,
      "Lung Lesion": 0.104478,
      "Edema": 0.862351,
      "Consolidation": 0.641544,
      "Pneumonia": 0.490335,
      "Atelectasis": 0.708871,
      "Pneumothorax": 0.626374,
      "Pleural Effusion": 0.828125,
      "Pleural Other": 0.905473,
      "Fracture": NaN,
      "No Finding": 0.787806,
      "Support Devices": 0.754438
    },
    "ce": {
      "Enlarged Cardiomediastinum": 0.723417,
      "Cardiomegaly": 0.622326,
      "Lung Opacity": 0.385621,
      "Lung Lesion": 0.890547,
      "Edema": 0.609524,
      "Consolidation": 0.49375,
      "Pneumonia": 0.463918,
      "Atelectasis": 0.640315,
      "Pneumothorax": 0.671062,
      "Pleural Effusion": 0.633265,
      "Pleural Other": 0.457711,
      "Fracture": NaN,
      "No Finding": 0.415428,
      "Support Devices": 0.538296
    },
    "pr": {
      "Enlarged Cardiomediastinum": 0.662445,
      "Cardiomegaly": 0.627005,
      "Lung Opacity": 0.659326,
      "Lung Lesion": 0.064677,
      "Edema": 0.765476,
      "Consolidation": 0.575919,
      "Pneumonia": 0.564433,
      "Atelectasis": 0.670446,
      "Pneumothorax": 0.627839,
      "Pleural Effusion": 0.657722,
      "Pleural Other": 0.885572,
      "Fracture": NaN,
      "No Finding": 0.740603,
      "Support Devices": 0.702854
    }
  },
  "ce": {
    "original": {
      "Enlarged Cardiomediastinum": 0.660677,
      "Cardiomegaly": 0.769385,
      "Lung Opacity": 0.880342,
      "Lung Lesion": 0.159204,
      "Edema": 0.907143,
      "Consolidation": 0.861213,
      "Pneumonia": 0.717784,
      "Atelectasis": 0.732283,
      "Pneumothorax": 0.739927,
      "Pleural Effusion": 0.911911,
      "Pleural Other": 0.99005,
      "Fracture": NaN,
      "No Finding": 0.908654,
      "Support Devices": 0.822006
    },
    "gb": {
      "Enlarged Cardiomediastinum": 0.670987,
      "Cardiomegaly": 0.793338,
      "Lung Opacity": 0.809251,
      "Lung Lesion": 0.223881,
      "Edema": 0.849851,
      "Consolidation": 0.803493,
      "Pneumonia": 0.661082,
      "Atelectasis": 0.732598,
      "Pneumothorax": 0.497436,
      "Pleural Effusion": 0.853827,
      "Pleural Other": 0.81592,
      "Fracture": NaN,
      "No Finding": 0.918706,
      "Support Devices": 0.667255
    },
    "ps": {
      "Enlarged Cardiomediastinum": 0.535592,
      "Cardiomegaly": 0.50869,
      "Lung Opacity": 0.552338,
      "Lung Lesion": 0.029851,
      "Edema": 0.672619,
      "Consolidation": 0.607537,
      "Pneumonia": 0.487758,
      "Atelectasis": 0.508031,
      "Pneumothorax": 0.893773,
      "Pleural Effusion": 0.585145,
      "Pleural Other": 0.895522,
      "Fracture": NaN,
      "No Finding": 0.609484,
      "Support Devices": 0.569383
    },
    "ce": {
      "Enlarged Cardiomediastinum": 0.728817,
      "Cardiomegaly": 0.774733,
      "Lung Opacity": 0.810256,
      "Lung Lesion": 0.089552,
      "Edema": 0.81756,
      "Consolidation": 0.848162,
      "Pneumonia": 0.48067,
      "Atelectasis": 0.691969,
      "Pneumothorax": 0.584615,
      "Pleural Effusion": 0.852582,
      "Pleural Other": 0.646766,
      "Fracture": NaN,
      "No Finding": 0.87653,
      "Support Devices": 0.75483
    },
    "pr": {
      "Enlarged Cardiomediastinum": 0.486696,
      "Cardiomegaly": 0.567402,
      "Lung Opacity": 0.593766,
      "Lung Lesion": 0.253731,
      "Edema": 0.677827,
      "Consolidation": 0.657904,
      "Pneumonia": 0.426546,
      "Atelectasis": 0.494803,
      "Pneumothorax": 0.67033,
      "Pleural Effusion": 0.605865,
      "Pleural Other": 0.716418,
      "Fracture": NaN,
      "No Finding": 0.634834,
      "Support Devices": 0.554379
    }
  },
  "pr": {
    "original": {
      "Enlarged Cardiomediastinum": 0.667943,
      "Cardiomegaly": 0.789884,
      "Lung Opacity": 0.888386,
      "Lung Lesion": 0.099502,
      "Edema": 0.897619,
      "Consolidation": 0.88125,
      "Pneumonia": 0.691366,
      "Atelectasis": 0.749081,
      "Pneumothorax": 0.72674,
      "Pleural Effusion": 0.890512,
      "Pleural Other": 0.985075,
      "Fracture": NaN,
      "No Finding": 0.902316,
      "Support Devices": 0.82083
    },
    "gb": {
      "Enlarged Cardiomediastinum": 0.67511,
      "Cardiomegaly": 0.815954,
      "Lung Opacity": 0.766415,
      "Lung Lesion": 0.059701,
      "Edema": 0.826786,
      "Consolidation": 0.747426,
      "Pneumonia": 0.646263,
      "Atelectasis": 0.787822,
      "Pneumothorax": 0.730403,
      "Pleural Effusion": 0.851676,
      "Pleural Other": 0.975124,
      "Fracture": NaN,
      "No Finding": 0.88833,
      "Support Devices": 0.664705
    },