{
  "gb": {
    "original": {
      "Enlarged Cardiomediastinum": 0.684831,
      "Cardiomegaly": 0.847371,
      "Lung Opacity": 0.878431,
      "Edema": 0.925446,
      "Pneumonia": 0.702964,
      "Support Devices": 0.889281,
      "Consolidation": 0.88125,
      "Atelectasis": 0.753701,
      "Pneumothorax": 0.799267,
      "Pleural Effusion": 0.907722,
      "Pleural Other": 0.935323
    },
    "gb": {
      "Enlarged Cardiomediastinum": 0.731468,
      "Cardiomegaly": 0.855058,
      "Lung Opacity": 0.870287,
      "Edema": 0.901488,
      "Pneumonia": 0.748067,
      "Support Devices": 0.790036,
      "Consolidation": 0.888419,
      "Atelectasis": 0.767874,
      "Pneumothorax": 0.725275,
      "Pleural Effusion": 0.920403,
      "Pleural Other": 0.950249
    },
    "ps": {
      "Enlarged Cardiomediastinum": 0.549337,
      "Cardiomegaly": 0.632687,
      "Lung Opacity": 0.698039,
      "Edema": 0.71622,
      "Pneumonia": 0.679124,
      "Support Devices": 0.652643,
      "Consolidation": 0.715993,
      "Atelectasis": 0.616378,
      "Pneumothorax": 0.664469,
      "Pleural Effusion": 0.624547,
      "Pleural Other": 0.353234
    },
    "ce": {
      "Enlarged Cardiomediastinum": 0.498085,
      "Cardiomegaly": 0.700869,
      "Lung Opacity": 0.630266,
      "Edema": 0.545089,
      "Pneumonia": 0.39884,
      "Support Devices": 0.540355,
      "Consolidation": 0.709926,
      "Atelectasis": 0.570604,
      "Pneumothorax": 0.717216,
      "Pleural Effusion": 0.637115,
      "Pleural Other": 0.791045
    },
    "pr": {
      "Enlarged Cardiomediastinum": 0.536672,
      "Cardiomegaly": 0.561609,
      "Lung Opacity": 0.629563,
      "Edema": 0.67128,
      "Pneumonia": 0.6875,
      "Support Devices": 0.585172,
      "Consolidation": 0.519118,
      "Atelectasis": 0.639895,
      "Pneumothorax": 0.750916,
      "Pleural Effusion": 0.555254,
      "Pleural Other": 0.532338
    }
  },
  "ps": {
    "original": {
      "Enlarged Cardiomediastinum": 0.589789,
      "Cardiomegaly": 0.837455,
      "Lung Opacity": 0.883962,
      "Edema": 0.889732,
      "Pneumonia": 0.697165,
      "Support Devices": 0.913014,
      "Consolidation": 0.851103,
      "Atelectasis": 0.752861,
      "Pneumothorax": 0.827839,
      "Pleural Effusion": 0.92697,
      "Pleural Other": 0.955224
    },
    "gb": {
      "Enlarged Cardiomediastinum": 0.681983,
      "Cardiomegaly": 0.800802,
      "Lung Opacity": 0.773454,
      "Edema": 0.802083,
      "Pneumonia": 0.735825,
      "Support Devices": 0.676277,
      "Consolidation": 0.798346,
      "Atelectasis": 0.777743,
      "Pneumothorax": 0.757509,
      "Pleural Effusion": 0.910213,
      "Pleural Other": 0.9801
    },
    "ps": {
      "Enlarged Cardiomediastinum": 0.637015,
      "Cardiomegaly": 0.778186,
      "Lung Opacity": 0.848265,
      "Edema": 0.883482,
      "Pneumonia": 0.536727,
      "Support Devices": 0.823772,
      "Consolidation": 0.833824,
      "Atelectasis": 0.708766,
      "Pneumothorax": 0.701099,
      "Pleural Effusion": 0.887908,
      "Pleural Other": 0.955224
    },
    "ce": {
      "Enlarged Cardiomediastinum": 0.649975,
      "Cardiomegaly": 0.640152,
      "Lung Opacity": 0.45822,
      "Edema": 0.647321,
      "Pneumonia": 0.581186,
      "Support Devices": 0.530842,
      "Consolidation": 0.588787,
      "Atelectasis": 0.691024,
      "Pneumothorax": 0.699634,
      "Pleural Effusion": 0.591146,
      "Pleural Other": 0.308458
    },
    "pr": {
      "Enlarged Cardiomediastinum": 0.529504,
      "Cardiomegaly": 0.597371,
      "Lung Opacity": 0.71463,
      "Edema": 0.758036,
      "Pneumonia": 0.660438,
      "Support Devices": 0.762675,
      "Consolidation": 0.734191,
      "Atelectasis": 0.60147,
      "Pneumothorax": 0.665934,
      "Pleural Effusion": 0.615376,
      "Pleural Other": 0.880597
    }
  },
  "ce": {
    "original": {
      "Enlarged Cardiomediastinum": 0.531271,
      "Cardiomegaly": 0.805036,
      "Lung Opacity": 0.909703,
      "Edema": 0.933185,
      "Pneumonia": 0.67268,
      "Support Devices": 0.877023,
      "Consolidation": 0.8375,
      "Atelectasis": 0.725144,
      "Pneumothorax": 0.716484,
      "Pleural Effusion": 0.914968,
      "Pleural Other": 0.930348
    },
    "gb": {
      "Enlarged Cardiomediastinum": 0.676976,
      "Cardiomegaly": 0.79111,
      "Lung Opacity": 0.820613,
      "Edema": 0.864435,
      "Pneumonia": 0.625644,
      "Support Devices": 0.667059,
      "Consolidation": 0.781434,
      "Atelectasis": 0.751286,
      "Pneumothorax": 0.443956,
      "Pleural Effusion": 0.89889,
      "Pleural Other": 0.910448
    },
    "ps": {
      "Enlarged Cardiomediastinum": 0.493274,
      "Cardiomegaly": 0.528186,
      "Lung Opacity": 0.6182,
      "Edema": 0.696131,
      "Pneumonia": 0.573454,
      "Support Devices": 0.587232,
      "Consolidation": 0.597978,
      "Atelectasis": 0.539003,
      "Pneumothorax": 0.60293,
      "Pleural Effusion": 0.539742,
      "Pleural Other": 0.746269
    },
    "ce": {
      "Enlarged Cardiomediastinum": 0.64163,
      "Cardiomegaly": 0.816399,
      "Lung Opacity": 0.859427,
      "Edema": 0.847024,
      "Pneumonia": 0.716495,
      "Support Devices": 0.802589,
      "Consolidation": 0.796875,
      "Atelectasis": 0.659843,
      "Pneumothorax": 0.686447,
      "Pleural Effusion": 0.852582,
      "Pleural Other": 0.537313
    },
    "pr": {
      "Enlarged Cardiomediastinum": 0.505744,
      "Cardiomegaly": 0.579323,
      "Lung Opacity": 0.614982,
      "Edema": 0.643601,
      "Pneumonia": 0.72616,
      "Support Devices": 0.535844,
      "Consolidation": 0.610662,
      "Atelectasis": 0.551601,
      "Pneumothorax": 0.592674,
      "Pleural Effusion": 0.604959,
      "Pleural Other": 0.900498
    }
  },
  "pr": {
    "original": {
      "Enlarged Cardiomediastinum": 0.629259,
      "Cardiomegaly": 0.818293,
      "Lung Opacity": 0.863147,
      "Edema": 0.899107,
      "Pneumonia": 0.683634,
      "Support Devices": 0.899774,
      "Consolidation": 0.878125,
      "Atelectasis": 0.764514,
      "Pneumothorax": 0.81685,
      "Pleural Effusion": 0.916101,
      "Pleural Other": 0.960199
    },
    "gb": {
      "Enlarged Cardiomediastinum": 0.636622,
      "Cardiomegaly": 0.792001,
      "Lung Opacity": 0.82554,
      "Edema": 0.862351,
      "Pneumonia": 0.609536,
      "Support Devices": 0.689418,
      "Consolidation": 0.763051,
      "Atelectasis": 0.811444,
      "Pneumothorax": 0.793407,
      "Pleural Effusion": 0.873981,
      "Pleural Other": 0.99005
    },
    "ps": {
      "Enlarged Cardiomediastinum": 0.439568,
      "Cardiomegaly": 0.533645,
      "Lung Opacity": 0.642634,
      "Edema": 0.774107,
      "Pneumonia": 0.556701,
      "Support Devices": 0.746004,
      "Consolidation": 0.645221,
      "Atelectasis": 0.664147,
      "Pneumothorax": 0.672527,
      "Pleural Effusion": 0.625679,
      "Pleural Other": 0.895522
    },
    "ce": {
      "Enlarged Cardiomediastinum": 0.590574,
      "Cardiomegaly": 0.505793,
      "Lung Opacity": 0.5273,
      "Edema": 0.704613,
      "Pneumonia": 0.446521,
      "Support Devices": 0.550652,
      "Consolidation": 0.623713,
      "Atelectasis": 0.655013,
      "Pneumothorax": 0.620513,
      "Pleural Effusion": 0.668252,
      "Pleural Other": 0.064677
    },
    "pr": {
      "Enlarged Cardiomediastinum": 0.665096,
      "Cardiomegaly": 0.802807,
      "Lung Opacity": 0.829864,
      "Edema": 0.884077,
      "Pneumonia": 0.651418,
      "Support Devices": 0.800137,
      "Consolidation": 0.875735,
      "Atelectasis": 0.735328,
      "Pneumothorax": 0.736264,
      "Pleural Effusion": 0.860847,
      "Pleural Other": 0.965174
    }
  }
}