{
  "gb": {
    "original": {
      "Enlarged Cardiomediastinum": 0.524202,
      "Cardiomegaly": 0.833111,
      "Lung Opacity": 0.910206,
      "Lung Lesion": 0.567164,
      "Edema": 0.911458,
      "Consolidation": 0.902757,
      "Pneumonia": 0.666237,
      "Atelectasis": 0.79601,
      "Pneumothorax": 0.83956,
      "Pleural Effusion": 0.914176,
      "Pleural Other": 0.9801,
      "Fracture": NaN,
      "No Finding": 0.934222,
      "Support Devices": 0.882318
    },
    "gb": {
      "Enlarged Cardiomediastinum": 0.569367,
      "Cardiomegaly": 0.842692,
      "Lung Opacity": 0.906687,
      "Lung Lesion": 0.393035,
      "Edema": 0.892262,
      "Consolidation": 0.893934,
      "Pneumonia": 0.62951,
      "Atelectasis": 0.772808,
      "Pneumothorax": 0.817582,
      "Pleural Effusion": 0.914855,
      "Pleural Other": 0.975124,
      "Fracture": NaN,
      "No Finding": 0.938593,
      "Support Devices": 0.802883
    },
    "ps": {
      "Enlarged Cardiomediastinum": 0.51242,
      "Cardiomegaly": 0.487188,
      "Lung Opacity": 0.512217,
      "Lung Lesion": 0.701493,
      "Edema": 0.703274,
      "Consolidation": 0.594301,
      "Pneumonia": 0.635954,
      "Atelectasis": 0.451654,
      "Pneumothorax": 0.537729,
      "Pleural Effusion": 0.531137,
      "Pleural Other": 0.363184,
      "Fracture": NaN,
      "No Finding": 0.700175,
      "Support Devices": 0.612435
    },
    "ce": {
      "Enlarged Cardiomediastinum": 0.634561,
      "Cardiomegaly": 0.684938,
      "Lung Opacity": 0.596581,
      "Lung Lesion": 0.721393,
      "Edema": 0.604911,
      "Consolidation": 0.631801,
      "Pneumonia": 0.446521,
      "Atelectasis": 0.700682,
      "Pneumothorax": 0.768498,
      "Pleural Effusion": 0.661345,
      "Pleural Other": 0.527363,
      "Fracture": NaN,
      "No Finding": 0.544143,
      "Support Devices": 0.496322
    },
    "pr": {
      "Enlarged Cardiomediastinum": 0.578498,
      "Cardiomegaly": 0.520833,
      "Lung Opacity": 0.450176,
      "Lung Lesion": 0.169154,
      "Edema": 0.705804,
      "Consolidation": 0.629412,
      "Pneumonia": 0.639175,
      "Atelectasis": 0.585512,
      "Pneumothorax": 0.778755,
      "Pleural Effusion": 0.590353,
      "Pleural Other": 0.985075,
      "Fracture": NaN,
      "No Finding": 0.493663,
      "Support Devices": 0.538492
    }
  },
  "ps": {
    "original": {
      "Enlarged Cardiomediastinum": 0.588611,
      "Cardiomegaly": 0.782197,
      "Lung Opacity": 0.89814,
      "Lung Lesion": 0.288557,
      "Edema": 0.906994,
      "Consolidation": 0.825919,
      "Pneumonia": 0.720361,
      "Atelectasis": 0.765249,
      "Pneumothorax": 0.865934,
      "Pleural Effusion": 0.926744,
      "Pleural Other": 0.945274,
      "Fracture": NaN,
      "No Finding": 0.919143,
      "Support Devices": 0.904482
    },
    "gb": {
      "Enlarged Cardiomediastinum": 0.725479,
      "Cardiomegaly": 0.760807,
      "Lung Opacity": 0.657919,
      "Lung Lesion": 0.208955,
      "Edema": 0.790476,
      "Consolidation": 0.682721,
      "Pneumonia": 0.649485,
      "Atelectasis": 0.697848,
      "Pneumothorax": 0.847619,
      "Pleural Effusion": 0.891078,
      "Pleural Other": 0.751244,
      "Fracture": NaN,
      "No Finding": 0.847684,
      "Support Devices": 0.671178
    },
    "ps": {
      "Enlarged Cardiomediastinum": 0.597349,
      "Cardiomegaly": 0.717803,
      "Lung Opacity": 0.853193,
      "Lung Lesion": 0.144279,
      "Edema": 0.893304,
      "Consolidation": 0.7875,
      "Pneumonia": 0.489691,
      "Atelectasis": 0.741732,
      "Pneumothorax": 0.789011,
      "Pleural Effusion": 0.873641,
      "Pleural Other": 0.965174,
      "Fracture": NaN,
      "No Finding": 0.901224,
      "Support Devices": 0.812102
    },
    "ce": {
      "Enlarged Cardiomediastinum": 0.407266,
      "Cardiomegaly": 0.597371,
      "Lung Opacity": 0.574962,
      "Lung Lesion": 0.751244,
      "Edema": 0.635119,
      "Consolidation": 0.459007,
      "Pneumonia": 0.673969,
      "Atelectasis": 0.48,
      "Pneumothorax": 0.646886,
      "Pleural Effusion": 0.506454,
      "Pleural Other": 0.935323,
      "Fracture": NaN,
      "No Finding": 0.467876,
      "Support Devices": 0.485241
    },
    "pr": {
      "Enlarged Cardiomediastinum": 0.603142,
      "Cardiomegaly": 0.631127,
      "Lung Opacity": 0.7455,
      "Lung Lesion": 0.024876,
      "Edema": 0.795089,
      "Consolidation": 0.709375,
      "Pneumonia": 0.670747,
      "Atelectasis": 0.689554,
      "Pneumothorax": 0.671062,
      "Pleural Effusion": 0.642776,
      "Pleural Other": 0.860697,
      "Fracture": NaN,
      "No Finding": 0.778846,
      "Support Devices": 0.71119
    }
  },
  "ce": {
    "original": {
      "Enlarged Cardiomediastinum": 0.537064,
      "Cardiomegaly": 0.744318,
      "Lung Opacity": 0.900855,
      "Lung Lesion": 0.039801,
      "Edema": 0.91622,
      "Consolidation": 0.850368,
      "Pneumonia": 0.809923,
      "Atelectasis": 0.71664,
      "Pneumothorax": 0.841758,
      "Pleural Effusion": 0.898211,
      "Pleural Other": 0.965174,
      "Fracture": NaN,
      "No Finding": 0.924825,
      "Support Devices": 0.912719
    },
    "gb": {
      "Enlarged Cardiomediastinum": 0.598036,
      "Cardiomegaly": 0.796569,
      "Lung Opacity": 0.845852,
      "Lung Lesion": 0.233831,
      "Edema": 0.850298,
      "Consolidation": 0.852574,
      "Pneumonia": 0.824742,
      "Atelectasis": 0.741942,
      "Pneumothorax": 0.660806,
      "Pleural Effusion": 0.881114,
      "Pleural Other": 0.825871,
      "Fracture": NaN,
      "No Finding": 0.903409,
      "Support Devices": 0.671178
    },
    "ps": {
      "Enlarged Cardiomediastinum": 0.461757,
      "Cardiomegaly": 0.596034,
      "Lung Opacity": 0.652086,
      "Lung Lesion": 0.661692,
      "Edema": 0.644196,
      "Consolidation": 0.688235,
      "Pneumonia": 0.586985,
      "Atelectasis": 0.566614,
      "Pneumothorax": 0.76337,
      "Pleural Effusion": 0.581748,
      "Pleural Other": 0.064677,
      "Fracture": NaN,
      "No Finding": 0.644231,
      "Support Devices": 0.485731
    },
    "ce": {
      "Enlarged Cardiomediastinum": 0.625724,
      "Cardiomegaly": 0.762589,
      "Lung Opacity": 0.872499,
      "Lung Lesion": 0.268657,
      "Edema": 0.832589,
      "Consolidation": 0.790809,
      "Pneumonia": 0.480026,
      "Atelectasis": 0.659528,
      "Pneumothorax": 0.638095,
      "Pleural Effusion": 0.859941,
      "Pleural Other": 0.925373,
      "Fracture": NaN,
      "No Finding": 0.869537,
      "Support Devices": 0.778464
    },
    "pr": {
      "Enlarged Cardiomediastinum": 0.548257,
      "Cardiomegaly": 0.526849,
      "Lung Opacity": 0.621619,
      "Lung Lesion": 0.114428,
      "Edema": 0.718006,
      "Consolidation": 0.561029,
      "Pneumonia": 0.52384,
      "Atelectasis": 0.532073,
      "Pneumothorax": 0.617582,
      "Pleural Effusion": 0.60111,
      "Pleural Other": 0.955224,
      "Fracture": NaN,
      "No Finding": 0.537587,
      "Support Devices": 0.583897
    }
  },
  "pr": {
    "original": {
      "Enlarged Cardiomediastinum": 0.599902,
      "Cardiomegaly": 0.824309,
      "Lung Opacity": 0.885068,
      "Lung Lesion": 0.228856,
      "Edema": 0.914583,
      "Consolidation": 0.856618,
      "Pneumonia": 0.76933,
      "Atelectasis": 0.743937,
      "Pneumothorax": 0.751648,
      "Pleural Effusion": 0.923007,
      "Pleural Other": 0.995025,
      "Fracture": NaN,
      "No Finding": 0.899476,
      "Support Devices": 0.923997
    },
    "gb": {
      "Enlarged Cardiomediastinum": 0.605793,
      "Cardiomegaly": 0.832888,
      "Lung Opacity": 0.777275,
      "Lung Lesion": 0.154229,
      "Edema": 0.80119,
      "Consolidation": 0.807721,
      "Pneumonia": 0.790593,
      "Atelectasis": 0.822152,
      "Pneumothorax": 0.673993,
      "Pleural Effusion": 0.915874,
      "Pleural Other": 1.0,
      "Fracture": NaN,
      "No Finding": 0.874344,
      "Support Devices": 0.67765
    },