{
  "gb": {
    "original": {
      "Enlarged Cardiomediastinum": 0.659794,
      "Cardiomegaly": 0.781306,
      "Lung Opacity": 0.892609,
      "Lung Lesion": 0.353234,
      "Edema": 0.898958,
      "Consolidation": 0.857721,
      "Pneumonia": 0.672036,
      "Atelectasis": 0.737743,
      "Pneumothorax": 0.673993,
      "Pleural Effusion": 0.893569,
      "Pleural Other": 0.80597,
      "Fracture": NaN,
      "No Finding": 0.909309,
      "Support Devices": 0.815142
    },
    "gb": {
      "Enlarged Cardiomediastinum": 0.703976,
      "Cardiomegaly": 0.820521,
      "Lung Opacity": 0.860633,
      "Lung Lesion": 0.144279,
      "Edema": 0.892411,
      "Consolidation": 0.853676,
      "Pneumonia": 0.606959,
      "Atelectasis": 0.744252,
      "Pneumothorax": 0.627106,
      "Pleural Effusion": 0.890965,
      "Pleural Other": 0.9801,
      "Fracture": NaN,
      "No Finding": 0.896635,
      "Support Devices": 0.767088
    },
    "ps": {
      "Enlarged Cardiomediastinum": 0.491507,
      "Cardiomegaly": 0.410428,
      "Lung Opacity": 0.506988,
      "Lung Lesion": 0.59204,
      "Edema": 0.717113,
      "Consolidation": 0.389154,
      "Pneumonia": 0.46134,
      "Atelectasis": 0.523255,
      "Pneumothorax": 0.706227,
      "Pleural Effusion": 0.64221,
      "Pleural Other": 0.825871,
      "Fracture": NaN,
      "No Finding": 0.651442,
      "Support Devices": 0.589977
    },
    "ce": {
      "Enlarged Cardiomediastinum": 0.45243,
      "Cardiomegaly": 0.40508,
      "Lung Opacity": 0.578079,
      "Lung Lesion": 0.134328,
      "Edema": 0.61756,
      "Consolidation": 0.419118,
      "Pneumonia": 0.420747,
      "Atelectasis": 0.551076,
      "Pneumothorax": 0.679121,
      "Pleural Effusion": 0.644248,
      "Pleural Other": 0.875622,
      "Fracture": NaN,
      "No Finding": 0.538462,
      "Support Devices": 0.474649
    },
    "pr": {
      "Enlarged Cardiomediastinum": 0.567207,
      "Cardiomegaly": 0.557932,
      "Lung Opacity": 0.642433,
      "Lung Lesion": 0.074627,
      "Edema": 0.666071,
      "Consolidation": 0.57886,
      "Pneumonia": 0.568943,
      "Atelectasis": 0.590026,
      "Pneumothorax": 0.753846,
      "Pleural Effusion": 0.64974,
      "Pleural Other": 0.865672,
      "Fracture": NaN,
      "No Finding": 0.559659,
      "Support Devices": 0.533
    }
  },
  "ps": {
    "original": {
      "Enlarged Cardiomediastinum": 0.679627,
      "Cardiomegaly": 0.789773,
      "Lung Opacity": 0.88728,
      "Lung Lesion": 0.303483,
      "Edema": 0.88631,
      "Consolidation": 0.845221,
      "Pneumonia": 0.728093,
      "Atelectasis": 0.729029,
      "Pneumothorax": 0.76044,
      "Pleural Effusion": 0.894135,
      "Pleural Other": 0.950249,
      "Fracture": NaN,
      "No Finding": 0.893357,
      "Support Devices": 0.805629
    },
    "gb": {
      "Enlarged Cardiomediastinum": 0.74109,
      "Cardiomegaly": 0.821858,
      "Lung Opacity": 0.766516,
      "Lung Lesion": 0.059701,
      "Edema": 0.79881,
      "Consolidation": 0.682169,
      "Pneumonia": 0.556057,
      "Atelectasis": 0.76063,
      "Pneumothorax": 0.816117,
      "Pleural Effusion": 0.876698,
      "Pleural Other": 0.79602,
      "Fracture": NaN,
      "No Finding": 0.850087,
      "Support Devices": 0.622438
    },
    "ps": {
      "Enlarged Cardiomediastinum": 0.65891,
      "Cardiomegaly": 0.733289,
      "Lung Opacity": 0.782001,
      "Lung Lesion": 0.129353,
      "Edema": 0.828125,
      "Consolidation": 0.743199,
      "Pneumonia": 0.47616,
      "Atelectasis": 0.738688,
      "Pneumothorax": 0.737729,
      "Pleural Effusion": 0.808877,
      "Pleural Other": 0.935323,
      "Fracture": NaN,
      "No Finding": 0.832823,
      "Support Devices": 0.710405
    },
    "ce": {
      "Enlarged Cardiomediastinum": 0.614531,
      "Cardiomegaly": 0.522282,
      "Lung Opacity": 0.621217,
      "Lung Lesion": 0.313433,
      "Edema": 0.586607,
      "Consolidation": 0.58364,
      "Pneumonia": 0.350515,
      "Atelectasis": 0.620997,
      "Pneumothorax": 0.586813,
      "Pleural Effusion": 0.690557,
      "Pleural Other": 0.771144,
      "Fracture": NaN,
      "No Finding": 0.719406,
      "Support Devices": 0.586839
    },
    "pr": {
      "Enlarged Cardiomediastinum": 0.538537,
      "Cardiomegaly": 0.621881,
      "Lung Opacity": 0.66546,
      "Lung Lesion": 0.0,
      "Edema": 0.724256,
      "Consolidation": 0.689154,
      "Pneumonia": 0.568299,
      "Atelectasis": 0.616063,
      "Pneumothorax": 0.832967,
      "Pleural Effusion": 0.71207,
      "Pleural Other": 0.910448,
      "Fracture": NaN,
      "No Finding": 0.760708,
      "Support Devices": 0.7259
    }
  },
  "ce": {
    "original": {
      "Enlarged Cardiomediastinum": 0.681394,
      "Cardiomegaly": 0.789439,
      "Lung Opacity": 0.846858,
      "Lung Lesion": 0.109453,
      "Edema": 0.899107,
      "Consolidation": 0.865993,
      "Pneumonia": 0.741624,
      "Atelectasis": 0.746457,
      "Pneumothorax": 0.693773,
      "Pleural Effusion": 0.900928,
      "Pleural Other": 0.860697,
      "Fracture": NaN,
      "No Finding": 0.927229,
      "Support Devices": 0.791409
    },
    "gb": {
      "Enlarged Cardiomediastinum": 0.683849,
      "Cardiomegaly": 0.783868,
      "Lung Opacity": 0.764103,
      "Lung Lesion": 0.263682,
      "Edema": 0.847024,
      "Consolidation": 0.79761,
      "Pneumonia": 0.781572,
      "Atelectasis": 0.729554,
      "Pneumothorax": 0.449084,
      "Pleural Effusion": 0.865942,
      "Pleural Other": 0.945274,
      "Fracture": NaN,
      "No Finding": 0.92417,
      "Support Devices": 0.642248
    },
    "ps": {
      "Enlarged Cardiomediastinum": 0.679921,
      "Cardiomegaly": 0.463792,
      "Lung Opacity": 0.551835,
      "Lung Lesion": 0.383085,
      "Edema": 0.640774,
      "Consolidation": 0.485662,
      "Pneumonia": 0.593428,
      "Atelectasis": 0.628661,
      "Pneumothorax": 0.841758,
      "Pleural Effusion": 0.590466,
      "Pleural Other": 0.945274,
      "Fracture": NaN,
      "No Finding": 0.52382,
      "Support Devices": 0.580073
    },
    "ce": {
      "Enlarged Cardiomediastinum": 0.6865,
      "Cardiomegaly": 0.80225,
      "Lung Opacity": 0.822725,
      "Lung Lesion": 0.00995,
      "Edema": 0.828125,
      "Consolidation": 0.848529,
      "Pneumonia": 0.440722,
      "Atelectasis": 0.702362,
      "Pneumothorax": 0.612454,
      "Pleural Effusion": 0.84375,
      "Pleural Other": 0.482587,
      "Fracture": NaN,
      "No Finding": 0.831731,
      "Support Devices": 0.733647
    },
    "pr": {
      "Enlarged Cardiomediastinum": 0.4973,
      "Cardiomegaly": 0.592246,
      "Lung Opacity": 0.431976,
      "Lung Lesion": 0.656716,
      "Edema": 0.667113,
      "Consolidation": 0.475919,
      "Pneumonia": 0.524485,
      "Atelectasis": 0.514436,
      "Pneumothorax": 0.717949,
      "Pleural Effusion": 0.553555,
      "Pleural Other": 0.885572,
      "Fracture": NaN,
      "No Finding": 0.524476,
      "Support Devices": 0.613416
    }
  },
  "pr": {
    "original": {
      "Enlarged Cardiomediastinum": 0.67727,
      "Cardiomegaly": 0.774287,
      "Lung Opacity": 0.88185,
      "Lung Lesion": 0.169154,
      "Edema": 0.923214,
      "Consolidation": 0.866544,
      "Pneumonia": 0.642397,
      "Atelectasis": 0.715276,
      "Pneumothorax": 0.758974,
      "Pleural Effusion": 0.897305,
      "Pleural Other": 0.99005,
      "Fracture": NaN,
      "No Finding": 0.903409,
      "Support Devices": 0.81524
    },
    "gb": {
      "Enlarged Cardiomediastinum": 0.486794,
      "Cardiomegaly": 0.773841,
      "Lung Opacity": 0.798592,
      "Lung Lesion": 0.303483,
      "Edema": 0.814583,
      "Consolidation": 0.794853,
      "Pneumonia": 0.684278,
      "Atelectasis": 0.772283,
      "Pneumothorax": 0.797802,
      "Pleural Effusion": 0.885303,
      "Pleural Other": 0.691542,
      "Fracture": NaN,
      "No Finding": 0.860795,
      "Support Devices": 0.655193
    },